Workbook
Name Accessed: output!$D$2:$D$921964
Name Age: output!$G$2:$G$921964
Name Bytes: output!$E$2:$E$921964
Name CountInventoryMigration: #REF!
Name CountInventoryMigration5yr: #REF!
Name Created: output!$C$2:$C$921964
Name Exts: output!$B$2:$B$921964
Name InventoryCount: Summary!$M$2
Name lkpCat: Lookup!$A$2:$A$219
Name lkpDesc: Lookup!$B$2:$B$219
Name lkpExt: Lookup!$C$2:$C$219
Name TotalMB: Summary!$D$2

Sheet output
A1: Directory | B1: Extension | C1: CreationTime | D1: LastAccessTime | E1: Bytes | F1: Owner | G1: Age
G2: =IF(C2>0,YEAR(NOW())-YEAR(C2),0) -> 0

Sheet Inventory
A1: Category | B1: Description | C1: Extension | D1: Total Bytes | E1: Ave Size | F1: Total MB | H1: MB Age 0 | I1: MB Age 1 | J1: MB Age 2 | K1: MB Age 3 | L1: MB Age 4 | M1: MB Age<5 | N1: MB Age>=5 | P1: Count | Q1: Count Age 0 | R1: Count Age 1 | S1: Count Age 2 | T1: Count Age 3 | U1: Count Age 4 | V1: Count Age<5 | W1: Count Age >= 5 | X1: Count Age >= 10 | Y1: Age >= 15 | Z1: Age >= 20
A2: =LOOKUP(C2, lkpExt, lkpCat) -> Application | B2: =LOOKUP(C2,lkpExt,lkpDesc) -> Microsoft Deployment Manifest | C2: .application | D2: =SUMIF(Exts, C2,Bytes) -> 0 | E2: =IF(P2>0,D2/P2,0) -> 0 | F2: =D2/1024/1024 -> 0 | H2: =SUMIFS(Bytes,Exts, C2,Age,0)/1024/1024 -> 0 | I2: =SUMIFS(Bytes,Exts, C2,Age,1)/1024/1024 -> 0 | J2: =SUMIFS(Bytes,Exts, C2,Age,2)/1024/1024 -> 0 | K2: =SUMIFS(Bytes,Exts, C2,Age,3)/1024/1024 -> 0 | L2: =SUMIFS(Bytes,Exts, C2,Age,4)/1024/1024 -> 0 | M2: =SUMIFS(Bytes,Exts, C2,Age,"<5")/1024/1024 -> 0 | N2: =SUMIFS(Bytes,Exts, C2,Age,">=5")/1024/1024 -> 0 | P2: =COUNTIF(Exts, C2) -> 0 | Q2: =COUNTIFS(Exts,C2,Age,0) -> 0 | R2: =COUNTIFS(Exts,C2,Age,1) -> 0 | S2: =COUNTIFS(Exts,C2,Age,2) -> 0 | T2: =COUNTIFS(Exts,C2,Age,3) -> 0 | U2: =COUNTIFS(Exts,C2,Age,4) -> 0 | V2: =COUNTIFS(Exts,C2,Age,"<5") -> 0 | W2: =COUNTIFS(Exts,C2,Age,">=5") -> 0 | X2: =COUNTIFS(Exts,C2,Age,">=10") -> 0 | Y2: =COUNTIFS(Exts,C2,Age,">=15") -> 0 | Z2: =COUNTIFS(Exts,C2,Age,">=20") -> 0
A3: =LOOKUP(C3, lkpExt, lkpCat) -> Application | B3: =LOOKUP(C3,lkpExt,lkpDesc) -> Batch File | C3: .bat | D3: =SUMIF(Exts, C3,Bytes) -> 0 | E3: =IF(P3>0,D3/P3,0) -> 0 | F3: =D3/1024/1024 -> 0 | H3: =SUMIFS(Bytes,Exts, C3,Age,0)/1024/1024 -> 0 | I3: =SUMIFS(Bytes,Exts, C3,Age,1)/1024/1024 -> 0 | J3: =SUMIFS(Bytes,Exts, C3,Age,2)/1024/1024 -> 0 | K3: =SUMIFS(Bytes,Exts, C3,Age,3)/1024/1024 -> 0 | L3: =SUMIFS(Bytes,Exts, C3,Age,4)/1024/1024 -> 0 | M3: =SUMIFS(Bytes,Exts, C3,Age,"<5")/1024/1024 -> 0 | N3: =SUMIFS(Bytes,Exts, C3,Age,">=5")/1024/1024 -> 0 | P3: =COUNTIF(Exts, C3) -> 0 | Q3: =COUNTIFS(Exts,C3,Age,0) -> 0 | R3: =COUNTIFS(Exts,C3,Age,1) -> 0 | S3: =COUNTIFS(Exts,C3,Age,2) -> 0 | T3: =COUNTIFS(Exts,C3,Age,3) -> 0 | U3: =COUNTIFS(Exts,C3,Age,4) -> 0 | V3: =COUNTIFS(Exts,C3,Age,"<5") -> 0 | W3: =COUNTIFS(Exts,C3,Age,">=5") -> 0 | X3: =COUNTIFS(Exts,C3,Age,">=10") -> 0 | Y3: =COUNTIFS(Exts,C3,Age,">=15") -> 0 | Z3: =COUNTIFS(Exts,C3,Age,">=20") -> 0
A4: =LOOKUP(C4, lkpExt, lkpCat) -> Application | B4: =LOOKUP(C4,lkpExt,lkpDesc) -> Catalog File | C4: .cat | D4: =SUMIF(Exts, C4,Bytes) -> 0 | E4: =IF(P4>0,D4/P4,0) -> 0 | F4: =D4/1024/1024 -> 0 | H4: =SUMIFS(Bytes,Exts, C4,Age,0)/1024/1024 -> 0 | I4: =SUMIFS(Bytes,Exts, C4,Age,1)/1024/1024 -> 0 | J4: =SUMIFS(Bytes,Exts, C4,Age,2)/1024/1024 -> 0 | K4: =SUMIFS(Bytes,Exts, C4,Age,3)/1024/1024 -> 0 | L4: =SUMIFS(Bytes,Exts, C4,Age,4)/1024/1024 -> 0 | M4: =SUMIFS(Bytes,Exts, C4,Age,"<5")/1024/1024 -> 0 | N4: =SUMIFS(Bytes,Exts, C4,Age,">=5")/1024/1024 -> 0 | P4: =COUNTIF(Exts, C4) -> 0 | Q4: =COUNTIFS(Exts,C4,Age,0) -> 0 | R4: =COUNTIFS(Exts,C4,Age,1) -> 0 | S4: =COUNTIFS(Exts,C4,Age,2) -> 0 | T4: =COUNTIFS(Exts,C4,Age,3) -> 0 | U4: =COUNTIFS(Exts,C4,Age,4) -> 0 | V4: =COUNTIFS(Exts,C4,Age,"<5") -> 0 | W4: =COUNTIFS(Exts,C4,Age,">=5") -> 0 | X4: =COUNTIFS(Exts,C4,Age,">=10") -> 0 | Y4: =COUNTIFS(Exts,C4,Age,">=15") -> 0 | Z4: =COUNTIFS(Exts,C4,Age,">=20") -> 0
A5: =LOOKUP(C5, lkpExt, lkpCat) -> Application | B5: =LOOKUP(C5,lkpExt,lkpDesc) -> Config File | C5: .cfg | D5: =SUMIF(Exts, C5,Bytes) -> 0 | E5: =IF(P5>0,D5/P5,0) -> 0 | F5: =D5/1024/1024 -> 0 | H5: =SUMIFS(Bytes,Exts, C5,Age,0)/1024/1024 -> 0 | I5: =SUMIFS(Bytes,Exts, C5,Age,1)/1024/1024 -> 0 | J5: =SUMIFS(Bytes,Exts, C5,Age,2)/1024/1024 -> 0 | K5: =SUMIFS(Bytes,Exts, C5,Age,3)/1024/1024 -> 0 | L5: =SUMIFS(Bytes,Exts, C5,Age,4)/1024/1024 -> 0 | M5: =SUMIFS(Bytes,Exts, C5,Age,"<5")/1024/1024 -> 0 | N5: =SUMIFS(Bytes,Exts, C5,Age,">=5")/1024/1024 -> 0 | P5: =COUNTIF(Exts, C5) -> 0 | Q5: =COUNTIFS(Exts,C5,Age,0) -> 0 | R5: =COUNTIFS(Exts,C5,Age,1) -> 0 | S5: =COUNTIFS(Exts,C5,Age,2) -> 0 | T5: =COUNTIFS(Exts,C5,Age,3) -> 0 | U5: =COUNTIFS(Exts,C5,Age,4) -> 0 | V5: =COUNTIFS(Exts,C5,Age,"<5") -> 0 | W5: =COUNTIFS(Exts,C5,Age,">=5") -> 0 | X5: =COUNTIFS(Exts,C5,Age,">=10") -> 0 | Y5: =COUNTIFS(Exts,C5,Age,">=15") -> 0 | Z5: =COUNTIFS(Exts,C5,Age,">=20") -> 0
A6: =LOOKUP(C6, lkpExt, lkpCat) -> Application | B6: =LOOKUP(C6,lkpExt,lkpDesc) -> Windows Index Service Catalog Indexer | C6: .ci | D6: =SUMIF(Exts, C6,Bytes) -> 0 | E6: =IF(P6>0,D6/P6,0) -> 0 | F6: =D6/1024/1024 -> 0 | H6: =SUMIFS(Bytes,Exts, C6,Age,0)/1024/1024 -> 0 | I6: =SUMIFS(Bytes,Exts, C6,Age,1)/1024/1024 -> 0 | J6: =SUMIFS(Bytes,Exts, C6,Age,2)/1024/1024 -> 0 | K6: =SUMIFS(Bytes,Exts, C6,Age,3)/1024/1024 -> 0 | L6: =SUMIFS(Bytes,Exts, C6,Age,4)/1024/1024 -> 0 | M6: =SUMIFS(Bytes,Exts, C6,Age,"<5")/1024/1024 -> 0 | N6: =SUMIFS(Bytes,Exts, C6,Age,">=5")/1024/1024 -> 0 | P6: =COUNTIF(Exts, C6) -> 0 | Q6: =COUNTIFS(Exts,C6,Age,0) -> 0 | R6: =COUNTIFS(Exts,C6,Age,1) -> 0 | S6: =COUNTIFS(Exts,C6,Age,2) -> 0 | T6: =COUNTIFS(Exts,C6,Age,3) -> 0 | U6: =COUNTIFS(Exts,C6,Age,4) -> 0 | V6: =COUNTIFS(Exts,C6,Age,"<5") -> 0 | W6: =COUNTIFS(Exts,C6,Age,">=5") -> 0 | X6: =COUNTIFS(Exts,C6,Age,">=10") -> 0 | Y6: =COUNTIFS(Exts,C6,Age,">=15") -> 0 | Z6: =COUNTIFS(Exts,C6,Age,">=20") -> 0
A7: =LOOKUP(C7, lkpExt, lkpCat) -> Application | B7: =LOOKUP(C7,lkpExt,lkpDesc) -> Java Class | C7: .class | D7: =SUMIF(Exts, C7,Bytes) -> 0 | E7: =IF(P7>0,D7/P7,0) -> 0 | F7: =D7/1024/1024 -> 0 | H7: =SUMIFS(Bytes,Exts, C7,Age,0)/1024/1024 -> 0 | I7: =SUMIFS(Bytes,Exts, C7,Age,1)/1024/1024 -> 0 | J7: =SUMIFS(Bytes,Exts, C7,Age,2)/1024/1024 -> 0 | K7: =SUMIFS(Bytes,Exts, C7,Age,3)/1024/1024 -> 0 | L7: =SUMIFS(Bytes,Exts, C7,Age,4)/1024/1024 -> 0 | M7: =SUMIFS(Bytes,Exts, C7,Age,"<5")/1024/1024 -> 0 | N7: =SUMIFS(Bytes,Exts, C7,Age,">=5")/1024/1024 -> 0 | P7: =COUNTIF(Exts, C7) -> 0 | Q7: =COUNTIFS(Exts,C7,Age,0) -> 0 | R7: =COUNTIFS(Exts,C7,Age,1) -> 0 | S7: =COUNTIFS(Exts,C7,Age,2) -> 0 | T7: =COUNTIFS(Exts,C7,Age,3) -> 0 | U7: =COUNTIFS(Exts,C7,Age,4) -> 0 | V7: =COUNTIFS(Exts,C7,Age,"<5") -> 0 | W7: =COUNTIFS(Exts,C7,Age,">=5") -> 0 | X7: =COUNTIFS(Exts,C7,Age,">=10") -> 0 | Y7: =COUNTIFS(Exts,C7,Age,">=15") -> 0 | Z7: =COUNTIFS(Exts,C7,Age,">=20") -> 0
A8: =LOOKUP(C8, lkpExt, lkpCat) -> Application | B8: =LOOKUP(C8,lkpExt,lkpDesc) -> MySQL Configuration | C8: .cnf | D8: =SUMIF(Exts, C8,Bytes) -> 0 | E8: =IF(P8>0,D8/P8,0) -> 0 | F8: =D8/1024/1024 -> 0 | H8: =SUMIFS(Bytes,Exts, C8,Age,0)/1024/1024 -> 0 | I8: =SUMIFS(Bytes,Exts, C8,Age,1)/1024/1024 -> 0 | J8: =SUMIFS(Bytes,Exts, C8,Age,2)/1024/1024 -> 0 | K8: =SUMIFS(Bytes,Exts, C8,Age,3)/1024/1024 -> 0 | L8: =SUMIFS(Bytes,Exts, C8,Age,4)/1024/1024 -> 0 | M8: =SUMIFS(Bytes,Exts, C8,Age,"<5")/1024/1024 -> 0 | N8: =SUMIFS(Bytes,Exts, C8,Age,">=5")/1024/1024 -> 0 | P8: =COUNTIF(Exts, C8) -> 0 | Q8: =COUNTIFS(Exts,C8,Age,0) -> 0 | R8: =COUNTIFS(Exts,C8,Age,1) -> 0 | S8: =COUNTIFS(Exts,C8,Age,2) -> 0 | T8: =COUNTIFS(Exts,C8,Age,3) -> 0 | U8: =COUNTIFS(Exts,C8,Age,4) -> 0 | V8: =COUNTIFS(Exts,C8,Age,"<5") -> 0 | W8: =COUNTIFS(Exts,C8,Age,">=5") -> 0 | X8: =COUNTIFS(Exts,C8,Age,">=10") -> 0 | Y8: =COUNTIFS(Exts,C8,Age,">=15") -> 0 | Z8: =COUNTIFS(Exts,C8,Age,">=20") -> 0
A9: =LOOKUP(C9, lkpExt, lkpCat) -> Application | B9: =LOOKUP(C9,lkpExt,lkpDesc) -> Windows Help Contents File | C9: .cnt | D9: =SUMIF(Exts, C9,Bytes) -> 0 | E9: =IF(P9>0,D9/P9,0) -> 0 | F9: =D9/1024/1024 -> 0 | H9: =SUMIFS(Bytes,Exts, C9,Age,0)/1024/1024 -> 0 | I9: =SUMIFS(Bytes,Exts, C9,Age,1)/1024/1024 -> 0 | J9: =SUMIFS(Bytes,Exts, C9,Age,2)/1024/1024 -> 0 | K9: =SUMIFS(Bytes,Exts, C9,Age,3)/1024/1024 -> 0 | L9: =SUMIFS(Bytes,Exts, C9,Age,4)/1024/1024 -> 0 | M9: =SUMIFS(Bytes,Exts, C9,Age,"<5")/1024/1024 -> 0 | N9: =SUMIFS(Bytes,Exts, C9,Age,">=5")/1024/1024 -> 0 | P9: =COUNTIF(Exts, C9) -> 0 | Q9: =COUNTIFS(Exts,C9,Age,0) -> 0 | R9: =COUNTIFS(Exts,C9,Age,1) -> 0 | S9: =COUNTIFS(Exts,C9,Age,2) -> 0 | T9: =COUNTIFS(Exts,C9,Age,3) -> 0 | U9: =COUNTIFS(Exts,C9,Age,4) -> 0 | V9: =COUNTIFS(Exts,C9,Age,"<5") -> 0 | W9: =COUNTIFS(Exts,C9,Age,">=5") -> 0 | X9: =COUNTIFS(Exts,C9,Age,">=10") -> 0 | Y9: =COUNTIFS(Exts,C9,Age,">=15") -> 0 | Z9: =COUNTIFS(Exts,C9,Age,">=20") -> 0
A10: =LOOKUP(C10, lkpExt, lkpCat) -> Application | B10: =LOOKUP(C10,lkpExt,lkpDesc) -> ASP.NET | C10: .compiled | D10: =SUMIF(Exts, C10,Bytes) -> 0 | E10: =IF(P10>0,D10/P10,0) -> 0 | F10: =D10/1024/1024 -> 0 | H10: =SUMIFS(Bytes,Exts, C10,Age,0)/1024/1024 -> 0 | I10: =SUMIFS(Bytes,Exts, C10,Age,1)/1024/1024 -> 0 | J10: =SUMIFS(Bytes,Exts, C10,Age,2)/1024/1024 -> 0 | K10: =SUMIFS(Bytes,Exts, C10,Age,3)/1024/1024 -> 0 | L10: =SUMIFS(Bytes,Exts, C10,Age,4)/1024/1024 -> 0 | M10: =SUMIFS(Bytes,Exts, C10,Age,"<5")/1024/1024 -> 0 | N10: =SUMIFS(Bytes,Exts, C10,Age,">=5")/1024/1024 -> 0 | P10: =COUNTIF(Exts, C10) -> 0 | Q10: =COUNTIFS(Exts,C10,Age,0) -> 0 | R10: =COUNTIFS(Exts,C10,Age,1) -> 0 | S10: =COUNTIFS(Exts,C10,Age,2) -> 0 | T10: =COUNTIFS(Exts,C10,Age,3) -> 0 | U10: =COUNTIFS(Exts,C10,Age,4) -> 0 | V10: =COUNTIFS(Exts,C10,Age,"<5") -> 0 | W10: =COUNTIFS(Exts,C10,Age,">=5") -> 0 | X10: =COUNTIFS(Exts,C10,Age,">=10") -> 0 | Y10: =COUNTIFS(Exts,C10,Age,">=15") -> 0 | Z10: =COUNTIFS(Exts,C10,Age,">=20") -> 0
A11: =LOOKUP(C11, lkpExt, lkpCat) -> Application | B11: =LOOKUP(C11,lkpExt,lkpDesc) -> Config File | C11: .config | D11: =SUMIF(Exts, C11,Bytes) -> 0 | E11: =IF(P11>0,D11/P11,0) -> 0 | F11: =D11/1024/1024 -> 0 | H11: =SUMIFS(Bytes,Exts, C11,Age,0)/1024/1024 -> 0 | I11: =SUMIFS(Bytes,Exts, C11,Age,1)/1024/1024 -> 0 | J11: =SUMIFS(Bytes,Exts, C11,Age,2)/1024/1024 -> 0 | K11: =SUMIFS(Bytes,Exts, C11,Age,3)/1024/1024 -> 0 | L11: =SUMIFS(Bytes,Exts, C11,Age,4)/1024/1024 -> 0 | M11: =SUMIFS(Bytes,Exts, C11,Age,"<5")/1024/1024 -> 0 | N11: =SUMIFS(Bytes,Exts, C11,Age,">=5")/1024/1024 -> 0 | P11: =COUNTIF(Exts, C11) -> 0 | Q11: =COUNTIFS(Exts,C11,Age,0) -> 0 | R11: =COUNTIFS(Exts,C11,Age,1) -> 0 | S11: =COUNTIFS(Exts,C11,Age,2) -> 0 | T11: =COUNTIFS(Exts,C11,Age,3) -> 0 | U11: =COUNTIFS(Exts,C11,Age,4) -> 0 | V11: =COUNTIFS(Exts,C11,Age,"<5") -> 0 | W11: =COUNTIFS(Exts,C11,Age,">=5") -> 0 | X11: =COUNTIFS(Exts,C11,Age,">=10") -> 0 | Y11: =COUNTIFS(Exts,C11,Age,">=15") -> 0 | Z11: =COUNTIFS(Exts,C11,Age,">=20") -> 0
A12: =LOOKUP(C12, lkpExt, lkpCat) -> Application | B12: =LOOKUP(C12,lkpExt,lkpDesc) -> C++ | C12: .cpp | D12: =SUMIF(Exts, C12,Bytes) -> 0 | E12: =IF(P12>0,D12/P12,0) -> 0 | F12: =D12/1024/1024 -> 0 | H12: =SUMIFS(Bytes,Exts, C12,Age,0)/1024/1024 -> 0 | I12: =SUMIFS(Bytes,Exts, C12,Age,1)/1024/1024 -> 0 | J12: =SUMIFS(Bytes,Exts, C12,Age,2)/1024/1024 -> 0 | K12: =SUMIFS(Bytes,Exts, C12,Age,3)/1024/1024 -> 0 | L12: =SUMIFS(Bytes,Exts, C12,Age,4)/1024/1024 -> 0 | M12: =SUMIFS(Bytes,Exts, C12,Age,"<5")/1024/1024 -> 0 | N12: =SUMIFS(Bytes,Exts, C12,Age,">=5")/1024/1024 -> 0 | P12: =COUNTIF(Exts, C12) -> 0 | Q12: =COUNTIFS(Exts,C12,Age,0) -> 0 | R12: =COUNTIFS(Exts,C12,Age,1) -> 0 | S12: =COUNTIFS(Exts,C12,Age,2) -> 0 | T12: =COUNTIFS(Exts,C12,Age,3) -> 0 | U12: =COUNTIFS(Exts,C12,Age,4) -> 0 | V12: =COUNTIFS(Exts,C12,Age,"<5") -> 0 | W12: =COUNTIFS(Exts,C12,Age,">=5") -> 0 | X12: =COUNTIFS(Exts,C12,Age,">=10") -> 0 | Y12: =COUNTIFS(Exts,C12,Age,">=15") -> 0 | Z12: =COUNTIFS(Exts,C12,Age,">=20") -> 0
A13: =LOOKUP(C13, lkpExt, lkpCat) -> Application | B13: =LOOKUP(C13,lkpExt,lkpDesc) -> C# | C13: .cs | D13: =SUMIF(Exts, C13,Bytes) -> 0 | E13: =IF(P13>0,D13/P13,0) -> 0 | F13: =D13/1024/1024 -> 0 | H13: =SUMIFS(Bytes,Exts, C13,Age,0)/1024/1024 -> 0 | I13: =SUMIFS(Bytes,Exts, C13,Age,1)/1024/1024 -> 0 | J13: =SUMIFS(Bytes,Exts, C13,Age,2)/1024/1024 -> 0 | K13: =SUMIFS(Bytes,Exts, C13,Age,3)/1024/1024 -> 0 | L13: =SUMIFS(Bytes,Exts, C13,Age,4)/1024/1024 -> 0 | M13: =SUMIFS(Bytes,Exts, C13,Age,"<5")/1024/1024 -> 0 | N13: =SUMIFS(Bytes,Exts, C13,Age,">=5")/1024/1024 -> 0 | P13: =COUNTIF(Exts, C13) -> 0 | Q13: =COUNTIFS(Exts,C13,Age,0) -> 0 | R13: =COUNTIFS(Exts,C13,Age,1) -> 0 | S13: =COUNTIFS(Exts,C13,Age,2) -> 0 | T13: =COUNTIFS(Exts,C13,Age,3) -> 0 | U13: =COUNTIFS(Exts,C13,Age,4) -> 0 | V13: =COUNTIFS(Exts,C13,Age,"<5") -> 0 | W13: =COUNTIFS(Exts,C13,Age,">=5") -> 0 | X13: =COUNTIFS(Exts,C13,Age,">=10") -> 0 | Y13: =COUNTIFS(Exts,C13,Age,">=15") -> 0 | Z13: =COUNTIFS(Exts,C13,Age,">=20") -> 0
... A69: =LOOKUP(C69, lkpExt, lkpCat) -> Audio | B69: =LOOKUP(C69,lkpExt,lkpDesc) -> NCH Dictation Audio | C69: .dct | D69: =SUMIF(Exts, C69,Bytes) -> 0 | E69: =IF(P69>0,D69/P69,0) -> 0 | F69: =D69/1024/1024 -> 0 | H69: =SUMIFS(Bytes,Exts, C69,Age,0)/1024/1024 -> 0 | I69: =SUMIFS(Bytes,Exts, C69,Age,1)/1024/1024 -> 0 | J69: =SUMIFS(Bytes,Exts, C69,Age,2)/1024/1024 -> 0 | K69: =SUMIFS(Bytes,Exts, C69,Age,3)/1024/1024 -> 0 | L69: =SUMIFS(Bytes,Exts, C69,Age,4)/1024/1024 -> 0 | M69: =SUMIFS(Bytes,Exts, C69,Age,"<5")/1024/1024 -> 0 | N69: =SUMIFS(Bytes,Exts, C69,Age,">=5")/1024/1024 -> 0 | P69: =COUNTIF(Exts, C69) -> 0 | Q69: =COUNTIFS(Exts,C69,Age,0) -> 0 | R69: =COUNTIFS(Exts,C69,Age,1) -> 0 | S69: =COUNTIFS(Exts,C69,Age,2) -> 0 | T69: =COUNTIFS(Exts,C69,Age,3) -> 0 | U69: =COUNTIFS(Exts,C69,Age,4) -> 0 | V69: =COUNTIFS(Exts,C69,Age,"<5") -> 0 | W69: =COUNTIFS(Exts,C69,Age,">=5") -> 0 | X69: =COUNTIFS(Exts,C69,Age,">=10") -> 0 | Y69: =COUNTIFS(Exts,C69,Age,">=15") -> 0 | Z69: =COUNTIFS(Exts,C69,Age,">=20") -> 0
A70: =LOOKUP(C70, lkpExt, lkpCat) -> Audio | B70: =LOOKUP(C70,lkpExt,lkpDesc) -> Free Lossless Audio Codec | C70: .flac | D70: =SUMIF(Exts, C70,Bytes) -> 0 | E70: =IF(P70>0,D70/P70,0) -> 0 | F70: =D70/1024/1024 -> 0 | H70: =SUMIFS(Bytes,Exts, C70,Age,0)/1024/1024 -> 0 | I70: =SUMIFS(Bytes,Exts, C70,Age,1)/1024/1024 -> 0 | J70: =SUMIFS(Bytes,Exts, C70,Age,2)/1024/1024 -> 0 | K70: =SUMIFS(Bytes,Exts, C70,Age,3)/1024/1024 -> 0 | L70: =SUMIFS(Bytes,Exts, C70,Age,4)/1024/1024 -> 0 | M70: =SUMIFS(Bytes,Exts, C70,Age,"<5")/1024/1024 -> 0 | N70: =SUMIFS(Bytes,Exts, C70,Age,">=5")/1024/1024 -> 0 | P70: =COUNTIF(Exts, C70) -> 0 | Q70: =COUNTIFS(Exts,C70,Age,0) -> 0 | R70: =COUNTIFS(Exts,C70,Age,1) -> 0 | S70: =COUNTIFS(Exts,C70,Age,2) -> 0 | T70: =COUNTIFS(Exts,C70,Age,3) -> 0 | U70: =COUNTIFS(Exts,C70,Age,4) -> 0 | V70: =COUNTIFS(Exts,C70,Age,"<5") -> 0 | W70: =COUNTIFS(Exts,C70,Age,">=5") -> 0 | X70: =COUNTIFS(Exts,C70,Age,">=10") -> 0
A71: =LOOKUP(C71, lkpExt, lkpCat) -> Audio | B71: =LOOKUP(C71,lkpExt,lkpDesc) -> Apple Audio | C71: .m4a | D71: =SUMIF(Exts, C71,Bytes) -> 0 | E71: =IF(P71>0,D71/P71,0) -> 0 | F71: =D71/1024/1024 -> 0 | H71: =SUMIFS(Bytes,Exts, C71,Age,0)/1024/1024 -> 0 | I71: =SUMIFS(Bytes,Exts, C71,Age,1)/1024/1024 -> 0 | J71: =SUMIFS(Bytes,Exts, C71,Age,2)/1024/1024 -> 0 | K71: =SUMIFS(Bytes,Exts, C71,Age,3)/1024/1024 -> 0 | L71: =SUMIFS(Bytes,Exts, C71,Age,4)/1024/1024 -> 0 | M71: =SUMIFS(Bytes,Exts, C71,Age,"<5")/1024/1024 -> 0 | N71: =SUMIFS(Bytes,Exts, C71,Age,">=5")/1024/1024 -> 0 | P71: =COUNTIF(Exts, C71) -> 0 | Q71: =COUNTIFS(Exts,C71,Age,0) -> 0 | R71: =COUNTIFS(Exts,C71,Age,1) -> 0 | S71: =COUNTIFS(Exts,C71,Age,2) -> 0 | T71: =COUNTIFS(Exts,C71,Age,3) -> 0 | U71: =COUNTIFS(Exts,C71,Age,4) -> 0 | V71: =COUNTIFS(Exts,C71,Age,"<5") -> 0 | W71: =COUNTIFS(Exts,C71,Age,">=5") -> 0 | X71: =COUNTIFS(Exts,C71,Age,">=10") -> 0 | Y71: =COUNTIFS(Exts,C71,Age,">=15") -> 0 | Z71: =COUNTIFS(Exts,C71,Age,">=20") -> 0
A72: =LOOKUP(C72, lkpExt, lkpCat) -> Audio | B72: =LOOKUP(C72,lkpExt,lkpDesc) -> MIDI | C72: .mid | D72: =SUMIF(Exts, C72,Bytes) -> 0 | E72: =IF(P72>0,D72/P72,0) -> 0 | F72: =D72/1024/1024 -> 0 | H72: =SUMIFS(Bytes,Exts, C72,Age,0)/1024/1024 -> 0 | I72: =SUMIFS(Bytes,Exts, C72,Age,1)/1024/1024 -> 0 | J72: =SUMIFS(Bytes,Exts, C72,Age,2)/1024/1024 -> 0 | K72: =SUMIFS(Bytes,Exts, C72,Age,3)/1024/1024 -> 0 | L72: =SUMIFS(Bytes,Exts, C72,Age,4)/1024/1024 -> 0 | M72: =SUMIFS(Bytes,Exts, C72,Age,"<5")/1024/1024 -> 0 | N72: =SUMIFS(Bytes,Exts, C72,Age,">=5")/1024/1024 -> 0 | P72: =COUNTIF(Exts, C72) -> 0 | Q72: =COUNTIFS(Exts,C72,Age,0) -> 0 | R72: =COUNTIFS(Exts,C72,Age,1) -> 0 | S72: =COUNTIFS(Exts,C72,Age,2) -> 0 | T72: =COUNTIFS(Exts,C72,Age,3) -> 0 | U72: =COUNTIFS(Exts,C72,Age,4) -> 0 | V72: =COUNTIFS(Exts,C72,Age,"<5") -> 0 | W72: =COUNTIFS(Exts,C72,Age,">=5") -> 0 | X72: =COUNTIFS(Exts,C72,Age,">=10") -> 0 | Y72: =COUNTIFS(Exts,C72,Age,">=15") -> 0 | Z72: =COUNTIFS(Exts,C72,Age,">=20") -> 0
A73: =LOOKUP(C73, lkpExt, lkpCat) -> Audio | B73: =LOOKUP(C73,lkpExt,lkpDesc) -> Compressed audio | C73: .mp3 | D73: =SUMIF(Exts, C73,Bytes) -> 0 | E73: =IF(P73>0,D73/P73,0) -> 0 | F73: =D73/1024/1024 -> 0 | H73: =SUMIFS(Bytes,Exts, C73,Age,0)/1024/1024 -> 0 | I73: =SUMIFS(Bytes,Exts, C73,Age,1)/1024/1024 -> 0 | J73: =SUMIFS(Bytes,Exts, C73,Age,2)/1024/1024 -> 0 | K73: =SUMIFS(Bytes,Exts, C73,Age,3)/1024/1024 -> 0 | L73: =SUMIFS(Bytes,Exts, C73,Age,4)/1024/1024 -> 0 | M73: =SUMIFS(Bytes,Exts, C73,Age,"<5")/1024/1024 -> 0 | N73: =SUMIFS(Bytes,Exts, C73,Age,">=5")/1024/1024 -> 0 | P73: =COUNTIF(Exts, C73) -> 0 | Q73: =COUNTIFS(Exts,C73,Age,0) -> 0 | R73: =COUNTIFS(Exts,C73,Age,1) -> 0 | S73: =COUNTIFS(Exts,C73,Age,2) -> 0 | T73: =COUNTIFS(Exts,C73,Age,3) -> 0 | U73: =COUNTIFS(Exts,C73,Age,4) -> 0 | V73: =COUNTIFS(Exts,C73,Age,"<5") -> 0 | W73: =COUNTIFS(Exts,C73,Age,">=5") -> 0 | X73: =COUNTIFS(Exts,C73,Age,">=10") -> 0 | Y73: =COUNTIFS(Exts,C73,Age,">=15") -> 0 | Z73: =COUNTIFS(Exts,C73,Age,">=20") -> 0
A74: =LOOKUP(C74, lkpExt, lkpCat) -> Audio | B74: =LOOKUP(C74,lkpExt,lkpDesc) -> MPEG 2 Audio | C74: .mpa | D74: =SUMIF(Exts, C74,Bytes) -> 0 | E74: =IF(P74>0,D74/P74,0) -> 0 | F74: =D74/1024/1024 -> 0 | H74: =SUMIFS(Bytes,Exts, C74,Age,0)/1024/1024 -> 0 | I74: =SUMIFS(Bytes,Exts, C74,Age,1)/1024/1024 -> 0 | J74: =SUMIFS(Bytes,Exts, C74,Age,2)/1024/1024 -> 0 | K74: =SUMIFS(Bytes,Exts, C74,Age,3)/1024/1024 -> 0 | L74: =SUMIFS(Bytes,Exts, C74,Age,4)/1024/1024 -> 0 | M74: =SUMIFS(Bytes,Exts, C74,Age,"<5")/1024/1024 -> 0 | N74: =SUMIFS(Bytes,Exts, C74,Age,">=5")/1024/1024 -> 0 | P74: =COUNTIF(Exts, C74) -> 0 | Q74: =COUNTIFS(Exts,C74,Age,0) -> 0 | R74: =COUNTIFS(Exts,C74,Age,1) -> 0 | S74: =COUNTIFS(Exts,C74,Age,2) -> 0 | T74: =COUNTIFS(Exts,C74,Age,3) -> 0 | U74: =COUNTIFS(Exts,C74,Age,4) -> 0 | V74: =COUNTIFS(Exts,C74,Age,"<5") -> 0 | W74: =COUNTIFS(Exts,C74,Age,">=5") -> 0 | X74: =COUNTIFS(Exts,C74,Age,">=10") -> 0 | Y74: =COUNTIFS(Exts,C74,Age,">=15") -> 0 | Z74: =COUNTIFS(Exts,C74,Age,">=20") -> 0
A75: =LOOKUP(C75, lkpExt, lkpCat) -> Audio | B75: =LOOKUP(C75,lkpExt,lkpDesc) -> Ogg Vorbis Audio | C75: .ogg | D75: =SUMIF(Exts, C75,Bytes) -> 0 | E75: =IF(P75>0,D75/P75,0) -> 0 | F75: =D75/1024/1024 -> 0 | H75: =SUMIFS(Bytes,Exts, C75,Age,0)/1024/1024 -> 0 | I75: =SUMIFS(Bytes,Exts, C75,Age,1)/1024/1024 -> 0 | J75: =SUMIFS(Bytes,Exts, C75,Age,2)/1024/1024 -> 0 | K75: =SUMIFS(Bytes,Exts, C75,Age,3)/1024/1024 -> 0 | L75: =SUMIFS(Bytes,Exts, C75,Age,4)/1024/1024 -> 0 | M75: =SUMIFS(Bytes,Exts, C75,Age,"<5")/1024/1024 -> 0 | N75: =SUMIFS(Bytes,Exts, C75,Age,">=5")/1024/1024 -> 0 | P75: =COUNTIF(Exts, C75) -> 0 | Q75: =COUNTIFS(Exts,C75,Age,0) -> 0 | R75: =COUNTIFS(Exts,C75,Age,1) -> 0 | S75: =COUNTIFS(Exts,C75,Age,2) -> 0 | T75: =COUNTIFS(Exts,C75,Age,3) -> 0 | U75: =COUNTIFS(Exts,C75,Age,4) -> 0 | V75: =COUNTIFS(Exts,C75,Age,"<5") -> 0 | W75: =COUNTIFS(Exts,C75,Age,">=5") -> 0 | X75: =COUNTIFS(Exts,C75,Age,">=10") -> 0 | Y75: =COUNTIFS(Exts,C75,Age,">=15") -> 0 | Z75: =COUNTIFS(Exts,C75,Age,">=20") -> 0
A76: =LOOKUP(C76, lkpExt, lkpCat) -> Audio | B76: =LOOKUP(C76,lkpExt,lkpDesc) -> Real Audio | C76: .ra | D76: =SUMIF(Exts, C76,Bytes) -> 0 | E76: =IF(P76>0,D76/P76,0) -> 0 | F76: =D76/1024/1024 -> 0 | H76: =SUMIFS(Bytes,Exts, C76,Age,0)/1024/1024 -> 0 | I76: =SUMIFS(Bytes,Exts, C76,Age,1)/1024/1024 -> 0 | J76: =SUMIFS(Bytes,Exts, C76,Age,2)/1024/1024 -> 0 | K76: =SUMIFS(Bytes,Exts, C76,Age,3)/1024/1024 -> 0 | L76: =SUMIFS(Bytes,Exts, C76,Age,4)/1024/1024 -> 0 | M76: =SUMIFS(Bytes,Exts, C76,Age,"<5")/1024/1024 -> 0 | N76: =SUMIFS(Bytes,Exts, C76,Age,">=5")/1024/1024 -> 0 | P76: =COUNTIF(Exts, C76) -> 0 | Q76: =COUNTIFS(Exts,C76,Age,0) -> 0 | R76: =COUNTIFS(Exts,C76,Age,1) -> 0 | S76: =COUNTIFS(Exts,C76,Age,2) -> 0 | T76: =COUNTIFS(Exts,C76,Age,3) -> 0 | U76: =COUNTIFS(Exts,C76,Age,4) -> 0 | V76: =COUNTIFS(Exts,C76,Age,"<5") -> 0 | W76: =COUNTIFS(Exts,C76,Age,">=5") -> 0 | X76: =COUNTIFS(Exts,C76,Age,">=10") -> 0 | Y76: =COUNTIFS(Exts,C76,Age,">=15") -> 0 | Z76: =COUNTIFS(Exts,C76,Age,">=20") -> 0
A77: =LOOKUP(C77, lkpExt, lkpCat) -> Audio | B77: =LOOKUP(C77,lkpExt,lkpDesc) -> Real Audio | C77: .ram | D77: =SUMIF(Exts, C77,Bytes) -> 0 | E77: =IF(P77>0,D77/P77,0) -> 0 | F77: =D77/1024/1024 -> 0 | H77: =SUMIFS(Bytes,Exts, C77,Age,0)/1024/1024 -> 0 | I77: =SUMIFS(Bytes,Exts, C77,Age,1)/1024/1024 -> 0 | J77: =SUMIFS(Bytes,Exts, C77,Age,2)/1024/1024 -> 0 | K77: =SUMIFS(Bytes,Exts, C77,Age,3)/1024/1024 -> 0 | L77: =SUMIFS(Bytes,Exts, C77,Age,4)/1024/1024 -> 0 | M77: =SUMIFS(Bytes,Exts, C77,Age,"<5")/1024/1024 -> 0 | N77: =SUMIFS(Bytes,Exts, C77,Age,">=5")/1024/1024 -> 0 | P77: =COUNTIF(Exts, C77) -> 0 | Q77: =COUNTIFS(Exts,C77,Age,0) -> 0 | R77: =COUNTIFS(Exts,C77,Age,1) -> 0 | S77: =COUNTIFS(Exts,C77,Age,2) -> 0 | T77: =COUNTIFS(Exts,C77,Age,3) -> 0 | U77: =COUNTIFS(Exts,C77,Age,4) -> 0 | V77: =COUNTIFS(Exts,C77,Age,"<5") -> 0 | W77: =COUNTIFS(Exts,C77,Age,">=5") -> 0 | X77: =COUNTIFS(Exts,C77,Age,">=10") -> 0 | Y77: =COUNTIFS(Exts,C77,Age,">=15") -> 0 | Z77: =COUNTIFS(Exts,C77,Age,">=20") -> 0
A78: =LOOKUP(C78, lkpExt, lkpCat) -> Audio | B78: =LOOKUP(C78,lkpExt,lkpDesc) -> Wave Audio | C78: .wav | D78: =SUMIF(Exts, C78,Bytes) -> 0 | E78: =IF(P78>0,D78/P78,0) -> 0 | F78: =D78/1024/1024 -> 0 | H78: =SUMIFS(Bytes,Exts, C78,Age,0)/1024/1024 -> 0 | I78: =SUMIFS(Bytes,Exts, C78,Age,1)/1024/1024 -> 0 | J78: =SUMIFS(Bytes,Exts, C78,Age,2)/1024/1024 -> 0 | K78: =SUMIFS(Bytes,Exts, C78,Age,3)/1024/1024 -> 0 | L78: =SUMIFS(Bytes,Exts, C78,Age,4)/1024/1024 -> 0 | M78: =SUMIFS(Bytes,Exts, C78,Age,"<5")/1024/1024 -> 0 | N78: =SUMIFS(Bytes,Exts, C78,Age,">=5")/1024/1024 -> 0 | P78: =COUNTIF(Exts, C78) -> 0 | Q78: =COUNTIFS(Exts,C78,Age,0) -> 0 | R78: =COUNTIFS(Exts,C78,Age,1) -> 0 | S78: =COUNTIFS(Exts,C78,Age,2) -> 0 | T78: =COUNTIFS(Exts,C78,Age,3) -> 0 | U78: =COUNTIFS(Exts,C78,Age,4) -> 0 | V78: =COUNTIFS(Exts,C78,Age,"<5") -> 0 | W78: =COUNTIFS(Exts,C78,Age,">=5") -> 0 | X78: =COUNTIFS(Exts,C78,Age,">=10") -> 0 | Y78: =COUNTIFS(Exts,C78,Age,">=15") -> 0 | Z78: =COUNTIFS(Exts,C78,Age,">=20") -> 0
A79: =LOOKUP(C79, lkpExt, lkpCat) -> Audio | B79: =LOOKUP(C79,lkpExt,lkpDesc) -> Windows Media Audio | C79: .wma | D79: =SUMIF(Exts, C79,Bytes) -> 0 | E79: =IF(P79>0,D79/P79,0) -> 0 | F79: =D79/1024/1024 -> 0 | H79: =SUMIFS(Bytes,Exts, C79,Age,0)/1024/1024 -> 0 | I79: =SUMIFS(Bytes,Exts, C79,Age,1)/1024/1024 -> 0 | J79: =SUMIFS(Bytes,Exts, C79,Age,2)/1024/1024 -> 0 | K79: =SUMIFS(Bytes,Exts, C79,Age,3)/1024/1024 -> 0 | L79: =SUMIFS(Bytes,Exts, C79,Age,4)/1024/1024 -> 0 | M79: =SUMIFS(Bytes,Exts, C79,Age,"<5")/1024/1024 -> 0 | N79: =SUMIFS(Bytes,Exts, C79,Age,">=5")/1024/1024 -> 0 | P79: =COUNTIF(Exts, C79) -> 0 | Q79: =COUNTIFS(Exts,C79,Age,0) -> 0 | R79: =COUNTIFS(Exts,C79,Age,1) -> 0 | S79: =COUNTIFS(Exts,C79,Age,2) -> 0 | T79: =COUNTIFS(Exts,C79,Age,3) -> 0 | U79: =COUNTIFS(Exts,C79,Age,4) -> 0 | V79: =COUNTIFS(Exts,C79,Age,"<5") -> 0 | W79: =COUNTIFS(Exts,C79,Age,">=5") -> 0 | X79: =COUNTIFS(Exts,C79,Age,">=10") -> 0 | Y79: =COUNTIFS(Exts,C79,Age,">=15") -> 0 | Z79: =COUNTIFS(Exts,C79,Age,">=20") -> 0
A80: =LOOKUP(C80, lkpExt, lkpCat) -> Content | B80: =LOOKUP(C80,lkpExt,lkpDesc) -> Corel Photo Paint | C80: .cpt | D80: =SUMIF(Exts, C80,Bytes) -> 0 | E80: =IF(P80>0,D80/P80,0) -> 0 | F80: =D80/1024/1024 -> 0 | H80: =SUMIFS(Bytes,Exts, C80,Age,0)/1024/1024 -> 0 | I80: =SUMIFS(Bytes,Exts, C80,Age,1)/1024/1024 -> 0 | J80: =SUMIFS(Bytes,Exts, C80,Age,2)/1024/1024 -> 0 | K80: =SUMIFS(Bytes,Exts, C80,Age,3)/1024/1024 -> 0 | L80: =SUMIFS(Bytes,Exts, C80,Age,4)/1024/1024 -> 0 | M80: =SUMIFS(Bytes,Exts, C80,Age,"<5")/1024/1024 -> 0 | N80: =SUMIFS(Bytes,Exts, C80,Age,">=5")/1024/1024 -> 0 | P80: =COUNTIF(Exts, C80) -> 0 | Q80: =COUNTIFS(Exts,C80,Age,0) -> 0 | R80: =COUNTIFS(Exts,C80,Age,1) -> 0 | S80: =COUNTIFS(Exts,C80,Age,2) -> 0 | T80: =COUNTIFS(Exts,C80,Age,3) -> 0 | U80: =COUNTIFS(Exts,C80,Age,4) -> 0 | V80: =COUNTIFS(Exts,C80,Age,"<5") -> 0 | W80: =COUNTIFS(Exts,C80,Age,">=5") -> 0 | X80: =COUNTIFS(Exts,C80,Age,">=10") -> 0 | Y80: =COUNTIFS(Exts,C80,Age,">=15") -> 0 | Z80: =COUNTIFS(Exts,C80,Age,">=20") -> 0
A81: =LOOKUP(C81, lkpExt, lkpCat) -> Content | B81: =LOOKUP(C81,lkpExt,lkpDesc) -> Microsoft Word | C81: .doc | D81: =SUMIF(Exts, C81,Bytes) -> 0 | E81: =IF(P81>0,D81/P81,0) -> 0 | F81: =D81/1024/1024 -> 0 | H81: =SUMIFS(Bytes,Exts, C81,Age,0)/1024/1024 -> 0 | I81: =SUMIFS(Bytes,Exts, C81,Age,1)/1024/1024 -> 0 | J81: =SUMIFS(Bytes,Exts, C81,Age,2)/1024/1024 -> 0 | K81: =SUMIFS(Bytes,Exts, C81,Age,3)/1024/1024 -> 0 | L81: =SUMIFS(Bytes,Exts, C81,Age,4)/1024/1024 -> 0 | M81: =SUMIFS(Bytes,Exts, C81,Age,"<5")/1024/1024 -> 0 | N81: =SUMIFS(Bytes,Exts, C81,Age,">=5")/1024/1024 -> 0 | P81: =COUNTIF(Exts, C81) -> 0 | Q81: =COUNTIFS(Exts,C81,Age,0) -> 0 | R81: =COUNTIFS(Exts,C81,Age,1) -> 0 | S81: =COUNTIFS(Exts,C81,Age,2) -> 0 | T81: =COUNTIFS(Exts,C81,Age,3) -> 0 | U81: =COUNTIFS(Exts,C81,Age,4) -> 0 | V81: =COUNTIFS(Exts,C81,Age,"<5") -> 0 | W81: =COUNTIFS(Exts,C81,Age,">=5") -> 0 | X81: =COUNTIFS(Exts,C81,Age,">=10") -> 0 | Y81: =COUNTIFS(Exts,C81,Age,">=15") -> 0 | Z81: =COUNTIFS(Exts,C81,Age,">=20") -> 0
A82: =LOOKUP(C82, lkpExt, lkpCat) -> Content | B82: =LOOKUP(C82,lkpExt,lkpDesc) -> Microsoft Word | C82: .docm | D82: =SUMIF(Exts, C82,Bytes) -> 0 | E82: =IF(P82>0,D82/P82,0) -> 0 | F82: =D82/1024/1024 -> 0 | H82: =SUMIFS(Bytes,Exts, C82,Age,0)/1024/1024 -> 0 | I82: =SUMIFS(Bytes,Exts, C82,Age,1)/1024/1024 -> 0 | J82: =SUMIFS(Bytes,Exts, C82,Age,2)/1024/1024 -> 0 | K82: =SUMIFS(Bytes,Exts, C82,Age,3)/1024/1024 -> 0 | L82: =SUMIFS(Bytes,Exts, C82,Age,4)/1024/1024 -> 0 | M82: =SUMIFS(Bytes,Exts, C82,Age,"<5")/1024/1024 -> 0 | N82: =SUMIFS(Bytes,Exts, C82,Age,">=5")/1024/1024 -> 0 | P82: =COUNTIF(Exts, C82) -> 0 | Q82: =COUNTIFS(Exts,C82,Age,0) -> 0 | R82: =COUNTIFS(Exts,C82,Age,1) -> 0 | S82: =COUNTIFS(Exts,C82,Age,2) -> 0 | T82: =COUNTIFS(Exts,C82,Age,3) -> 0 | U82: =COUNTIFS(Exts,C82,Age,4) -> 0 | V82: =COUNTIFS(Exts,C82,Age,"<5") -> 0 | W82: =COUNTIFS(Exts,C82,Age,">=5") -> 0 | X82: =COUNTIFS(Exts,C82,Age,">=10") -> 0 | Y82: =COUNTIFS(Exts,C82,Age,">=15") -> 0 | Z82: =COUNTIFS(Exts,C82,Age,">=20") -> 0
... A219: =LOOKUP(C219, lkpExt, lkpCat) -> Web | B219: =LOOKUP(C219,lkpExt,lkpDesc) -> PHP | C219: .zdat | D219: =SUMIF(Exts, C219,Bytes) -> 0 | E219: =IF(P219>0,D219/P219,0) -> 0 | F219: =D219/1024/1024 -> 0 | H219: =SUMIFS(Bytes,Exts, C219,Age,0)/1024/1024 -> 0 | I219: =SUMIFS(Bytes,Exts, C219,Age,1)/1024/1024 -> 0 | J219: =SUMIFS(Bytes,Exts, C219,Age,2)/1024/1024 -> 0 | K219: =SUMIFS(Bytes,Exts, C219,Age,3)/1024/1024 -> 0 | L219: =SUMIFS(Bytes,Exts, C219,Age,4)/1024/1024 -> 0 | M219: =SUMIFS(Bytes,Exts, C219,Age,"<5")/1024/1024 -> 0 | N219: =SUMIFS(Bytes,Exts, C219,Age,">=5")/1024/1024 -> 0 | P219: =COUNTIF(Exts, C219) -> 0 | Q219: =COUNTIFS(Exts,C219,Age,0) -> 0 | R219: =COUNTIFS(Exts,C219,Age,1) -> 0 | S219: =COUNTIFS(Exts,C219,Age,2) -> 0 | T219: =COUNTIFS(Exts,C219,Age,3) -> 0 | U219: =COUNTIFS(Exts,C219,Age,4) -> 0 | V219: =COUNTIFS(Exts,C219,Age,"<5") -> 0 | W219: =COUNTIFS(Exts,C219,Age,">=5") -> 0 | X219: =COUNTIFS(Exts,C219,Age,">=10") -> 0 | Y219: =COUNTIFS(Exts,C219,Age,">=15") -> 0 | Z219: =COUNTIFS(Exts,C219,Age,">=20") -> 0

Sheet Summary
B1: Total Bytes | C1: Ave Size | D1: Total MB | E1: MB Age 0 | F1: MB Age 1 | G1: MB Age 2 | H1: MB Age 3 | I1: MB Age 4 | J1: MB Age<5 | K1: MB Age>=5 | M1: Total Count | N1: Count Age 0 | O1: Count Age 1 | P1: Count Age 2 | Q1: Count Age 3 | R1: Count Age 4 | S1: Count Age<5 | T1: Count Age >= 5 | U1: Count Age >= 10 | V1: Age >= 15 | W1: Age >= 20
A2: Total Identified Files | B2: =SUM(Inventory!D1:D199) -> 0 | C2: =B2/M2 -> #DIV/0! | D2: =SUM(Inventory!F1:F178) -> 0 | E2: =SUM(Inventory!H1:H178) -> 0 | F2: =SUM(Inventory!I1:I178) -> 0 | G2: =SUM(Inventory!J1:J178) -> 0 | H2: =SUM(Inventory!K1:K178) -> 0 | I2: =SUM(Inventory!L1:L178) -> 0 | J2: =SUM(Inventory!M1:M178) -> 0 | K2: =SUM(Inventory!N1:N178) -> 0 | M2: =SUM(Inventory!P1:P178) -> 0 | N2: =SUM(Inventory!Q1:Q178) -> 0 | O2: =SUM(Inventory!R1:R178) -> 0 | P2: =SUM(Inventory!S1:S178) -> 0 | Q2: =SUM(Inventory!T1:T178) -> 0 | R2: =SUM(Inventory!U1:U178) -> 0 | S2: =SUM(Inventory!V1:V178) -> 0 | T2: =SUM(Inventory!W1:W178) -> 0 | ... W2: =SUM(Inventory!Z1:Z178) -> 0
A3: Total All Files | B3: =SUM(output!E1:E921965) -> 0
A4: % Coverage | B4: =B2/B3 -> #DIV/0! | D4: Proportion | E4: =E2/TotalMB -> #DIV/0! | F4: =F2/TotalMB -> #DIV/0! | G4: =G2/TotalMB -> #DIV/0! | H4: =H2/TotalMB -> #DIV/0! | I4: =I2/TotalMB -> #DIV/0! | J4: =J2/TotalMB -> #DIV/0! | K4: =K2/TotalMB -> #DIV/0! | N4: =N2/InventoryCount -> #DIV/0! | O4: =O2/InventoryCount -> #DIV/0! | P4: =P2/InventoryCount -> #DIV/0! | Q4: =Q2/InventoryCount -> #DIV/0! | R4: =R2/InventoryCount -> #DIV/0! | S4: =S2/InventoryCount -> #DIV/0! | T4: =T2/InventoryCount -> #DIV/0!
D5: Annual Growth | E5: =E2/(TotalMB-E2) -> #DIV/0! | F5: =F2/(TotalMB-E2-F2) -> #DIV/0! | G5: =G2/(TotalMB-(SUM(E2:G2))) -> #DIV/0! | H5: =H2/(TotalMB-(SUM(E2:H2))) -> #DIV/0! | I5: =I2/(TotalMB-I2) -> #DIV/0! | N5: =N2/(InventoryCount-N2) -> #DIV/0! | O5: =O2/(InventoryCount-N2-O2) -> #DIV/0! | P5: =P2/(InventoryCount-SUM(N2:P2)) -> #DIV/0! | Q5: =Q2/(InventoryCount-SUM(N2:Q2)) -> #DIV/0! | R5: =R2/(InventoryCount-SUM(N2:R2)) -> #DIV/0!

Sheet Analysis
A1: Category | B1: Total MB | C1: Count | I1: Category | J1: Migration MB Age < 5 yrs | K1: Migration Count Age < 5 yrs | L1: Proportion of Total
A2: Application | B2: =SUMIF(Inventory!A2:A999982,A2,Inventory!F2:F999982) -> 0 | C2: =SUMIF(Inventory!A2:A999982,A2,Inventory!P2:P999982) -> 0 | I2: Archive | J2: =SUMIF(Inventory!A3:A999983,I2,Inventory!M3:M999983) -> 0 | K2: =SUMIF(Inventory!A3:A999983,I2,Inventory!V3:V999983) -> 0 | L2: =J2/B3 -> #DIV/0!
A3: Archive | B3: =SUMIF(Inventory!A3:A999983,A3,Inventory!F3:F999983) -> 0 | C3: =SUMIF(Inventory!A3:A999983,A3,Inventory!P3:P999983) -> 0 | I3: Audio | J3: =SUMIF(Inventory!A6:A999984,I3,Inventory!M5:M999984) -> 0 | K3: =SUMIF(Inventory!A6:A999984,I3,Inventory!V5:V999984) -> 0 | L3: =J3/B4 -> #DIV/0!
A4: Audio | B4: =SUMIF(Inventory!A6:A999984,A4,Inventory!F5:F999984) -> 0 | C4: =SUMIF(Inventory!A6:A999984,A4,Inventory!P5:P999984) -> 0 | I4: Content | J4: =SUMIF(Inventory!A6:A999985,I4,Inventory!M6:M999985) -> 0 | K4: =SUMIF(Inventory!A6:A999985,I4,Inventory!V6:V999985) -> 0 | L4: =J4/B5 -> #DIV/0!
A5: Content | B5: =SUMIF(Inventory!A6:A999985,A5,Inventory!F6:F999985) -> 0 | C5: =SUMIF(Inventory!A6:A999985,A5,Inventory!P6:P999985) -> 0 | I5: Image | J5: =SUMIF(Inventory!A7:A999986,I5,Inventory!M7:M999986) -> 0 | K5: =SUMIF(Inventory!A7:A999986,I5,Inventory!V7:V999986) -> 0 | L5: =J5/B7 -> #DIV/0!
A6: Data | B6: =SUMIF(Inventory!A7:A999986,A6,Inventory!F7:F999986) -> 0 | C6: =SUMIF(Inventory!A7:A999986,A6,Inventory!P7:P999986) -> 0 | I6: Video | J6: =SUMIF(Inventory!A8:A999987,I6,Inventory!M8:M999987) -> 0 | K6: =SUMIF(Inventory!A8:A999987,I6,Inventory!V8:V999987) -> 0 | L6: =J6/B8 -> #DIV/0!
A7: Image | B7: =SUMIF(Inventory!A8:A999987,A7,Inventory!F8:F999987) -> 0 | C7: =SUMIF(Inventory!A8:A999987,A7,Inventory!P8:P999987) -> 0 | I7: Web | J7: =SUMIF(Inventory!A9:A999988,I7,Inventory!M9:M999988) -> 0 | K7: =SUMIF(Inventory!A9:A999988,I7,Inventory!V9:V999988) -> 0 | L7: =J7/B9 -> #DIV/0!
A8: Video | B8: =SUMIF(Inventory!A9:A999988,A8,Inventory!F9:F999988) -> 0 | C8: =SUMIF(Inventory!A9:A999988,A8,Inventory!P9:P999988) -> 0 | I8: Total | J8: =SUM(J2:J7) -> 0 | K8: =SUM(K2:K7) -> 0 | L8: =J8/B10 -> #DIV/0!
A9: Web | B9: =SUMIF(Inventory!A10:A999989,A9,Inventory!F10:F999989) -> 0 | C9: =SUMIF(Inventory!A10:A999989,A9,Inventory!P10:P999989) -> 0
A10: Total | B10: =SUM(B2:B9) -> 0 | C10: =SUM(C2:C9) -> 0

Sheet Lookup
A1: Category | B1: Description | C1: Extension
A2: Audio | B2: Advanced Audio Coding | C2: .aac
A3: Data | B3: Access 2007 Database | C3: .accdb
A4: Audio | B4: Apple Audio | C4: .aiff
A5: Application | B5: Microsoft Deployment Manifest | C5: .application
A6: Web | B6: Microsoft WebForms | C6: .asa
A7: Web | B7: Microsoft WebForms | C7: .asax
A8: Web | B8: Microsoft WebForms | C8: .asp
A9: Web | B9: Microsoft WebForms | C9: .aspx
A10: Audio | B10: Audio | C10: .au
A11: Video | B11: Audio-Video Interleaved | C11: .avi
A12: Data | B12: Backup file | C12: .backup
... A219: Archive | B219: File archive | C219: .zip
